{"cameraMode":{"drawMode":0,"name":"Shaded","section":"Shading Mode"},"sceneLighting":false,"audioPlay":false,"sceneViewState":{"showFog":true,"showMaterialUpdate":false,"showSkybox":false,"showFlares":true,"showImageEffects":true,"showParticleSystems":true},"in2DMode":false,"pivot":{"x":0.011075112037360669,"y":0.6106435060501099,"z":-0.01603841781616211},"rotation":{"x":0.009334997273981572,"y":0.45775774121284487,"z":-0.004806638695299625,"w":0.8890147805213928},"size":1.8537828922271729,"orthographic":false}